unit1,
appearance,"1. 외모, (겉)모습 2. 출현, 등장 "
emerge,"(안 보이던 곳에서) 나오다, 나타나다"
essential,필수적인; 본질적인
major,"중요한, 주된; 전공하다; 1. 전공 2. 소령"
sake,이익; 목적
radical,"1. 급진적인, 과격한 2. 근본적인"
feature,"1.특징 2. 이목구비; 용모 3. (신문, 텔레비전 등의) 특집; 특징으로 삼다"
grant,"(공식적으로) 승인하다, 허락하다; 1. 승인, 허락 2. (정부 등의) 보조금"
tone,"1. 어조, 말투 2. 음색 3. 색조"
relieve,"(고통, 문제 등을) 완화시키다, 덜어주다"
phenomenon,"현상, 사건"
contain,"1. 포함하다, 함유하다 2. 억누르다, 억제하다"
absorb,"1. 흡수하다; 받아들이다 2. (마음을) 몰두시키다, 열중하게 하다"
prior,"사전의, 앞의"
comfort,"1. 안락, 편안 2. 위안, 위로; 위안하다, 위로하다"
ensure,"보장하다, 반드시 ~하게 하다"
derive,"(~에서) 유래하다, 비롯되다; 끌어내다"
generate,"1. 발생시키다, 만들어내다 2. (감정 등을) 일으키다"
population,"인구, 주민"
demonstrate,"1. (증거, 실례를 통해) 보여주다, 설명하다 2. 시위하다"
humanity,1. 인류 2. 인간성; 인류애
neutral,"중립; 중립의, 어느 편도 들지 않는; 중간의, 중성의"
ultimate,"1. 궁극적인, 최종의 2. 최고[최상/최악]의"
session,"(특정 활동을 위한) 시간, 기간"
strip,1. 옷을 벗다; (껍질 등을) 벗기다 2. 빼앗다; 길고 가느다란 조각
illusion,환상; 착각
tempt,"(좋지 않은 일을 하도록) 유혹하다, 부추기다; 유도하다"
modify,"1. 수정하다, 바꾸다 2. 수식하다, 한정하다"
owe,1. (~에게) 빚지고 있다 2. 신세를 지고 있다 3. (~의) 덕분이다
expose,"1. 노출시키다, 드러내다 2. (비밀 등을) 폭로하다"
passage,"1. 통로 2. (책 등의) 단락, 구절 3. (시간의) 흐름"
register,"등록하다, 기재하다; 등록부, 명부"
break up,"1. (완전히) 부서지다, 부수다 2. 해체[해산]하다; (관계 등이) 끝나다"
brush up (on),"복습하다, 다시 공부하다"
build up,"강화하다, 기르다"
burn up,1. 완전히 타버리다 2. 몹시 열이 나다
call up,1. (기억을) 불러일으키다 2. (군대 등을) 소집[징집]하다
come up with,생각해내다; 제시[제안]하다
dry up,"1. (강, 호수 등이) 바싹 말라붙다 2. 줄어들다, 고갈되다"
hold up,1. 떠받치다; 떠받들다 2. (좋은 상태를) 유지하다
unit2,
attain,"1. 성취하다, 이루다 2. (나이, 수준 등에) 이르다"
abandon,"1. 유기하다, 버리다 2. (하다가) 그만두다, 포기하다"
facilitate,"용이하게 하다, 가능하게 하다"
inherent,"내재하는, 타고난"
exceed,"(수, 양, 한도 등을) 넘다, 초과하다"
dense,빽빽한; (안개 등이) 짙은; (인구가) 밀집한
seemingly,"외견상으로, 겉보기에는"
interfere,"1. 방해하다 2. 간섭하다, 개입하다"
substitute,"대체[대신]하다; 대용품, 대리인"
eliminate,"제거하다, 없애다"
versus,(경기 등에서) - 대
assign,"1. (일 등을) 배정하다, 맡기다 2. (사람을) 배치하다"
assemble,"1. 집합시키다, 모이다 2. 조립하다"
glow,1. (계속 은은히) 빛나다 2. 상기되다; 1. 불빛 2. 홍조
trigger,"촉발시키다, 유발하다; 1. 계기 2. (총의) 방아쇠"
browse,"둘러보다, 대강 훑어보다"
moisture,"수분, 습기"
static,"1. (변화, 움직임이 없이) 고정된 2. 정지 상태의; (수신기의) 잡음"
vice,"악; 악덕; 대리의, 부-"
exert,"(힘, 능력 등을) 쓰다; (권력, 영향력 등을) 행사하다"
fade,"1. (색깔이) 바래다, 희미해지다 2. 서서히 사라지다"
leak,"1. (액체, 기체가) 새다 2. (비밀을) 누설하다; 1. 새는 곳[틈] 2. 누설"
domain,"1. (지식, 활동의) 영역, 분야 2. 영토, 소유지"
conceal,"감추다, 숨기다"
sustain,"1. 지탱하다, 뒷받침하다 2. 유지[지속]하다"
classify,"분류하다, 구분하다"
assure,"1. 장담하다, 보장하다 2. 확인하다, 확신하다"
foster,1. 발전시키다; 촉진하다 2. (양자 등을) 기르다; 양-
permanent,"영구적인, 영속적인"
fatal,"1. 치명적인 2. 결정적인, 중대한"
retain,"(계속) 보유하다, 유지하다"
keep up with,"1. 따라잡다, 뒤처지지 않다 2. (최신 정보, 뉴스 등에 대해) 알다, 알게 되다 3. 계속
연락하고 지내다"
look up,"1. (사전, 컴퓨터 등에서 정보를) 찾아보다 2. 방문하다; 연락하다"
make up,"1. 차지하다, 이루다 2. 만들어내다; 지어내다 3. 화해하다"
make up for,보충하다; 보상하다
pick up,"1. (차로) 데리러 가다 2. 개선되다, 좋아지다 3. 들어서 익히다"
put up with,"참다, 견디다"
set up,"1. 세우다; 설치하다 2. 준비하다, 마련하다 3. (사업을) 시작하다"
take up,"1. (공간을) 차지하다 2. (일, 취미 등을) 시작하다"
turn up,"1. (소리, 온도 등을) 높이다 2. 발견되다, 나타나다"
unit3,
emergency,비상(사태)
harsh,"1. 혹독한, 가혹한 2. (눈, 귀에) 거슬리는; 거친"
merit,"장점, 가치"
barrier,"장벽, 장애물"
integrate,"통합시키다, 합치다"
vulnerable,"취약한, 연약한; ~하기[받기] 쉬운"
remarkable,"놀랄 만한, 주목할 만한"
norm,1. 표준 2. 평균 3. 규범; 기준
vast,"(수, 양이) 엄청난, 막대한"
equality,"평등, 균등"
mount,"1. (자전거, 말 등에) 올라타다; 올라가다 2. 증가하다; 산"
prominent,1. 돌출된; 눈에 잘 띄는 2. 중요한; 유명한
subtle,"1. 미묘한, 알아채기 힘든 2. 교묘한, 영리한"
duration,지속 (기간)
portion,1. 부분 2. (음식의) 1인분; (부분으로) 나누다
visible,"눈에 보이는; 뚜렷한, 명백한"
gaze,응시하다; 응시
glance,흘낏 보다; 흘낏 봄
tremendous,"1. (양, 크기가) 엄청난, 2. 멋진, 대단한"
remote,"1. 외딴, 먼 2. 원격의"
abundant,"풍부한, 많은"
capacity,"1. 용량, (최대) 수용량 2. 능력"
external,1. 외부의 2. 대외적인; 외국의
diminish,"1. 줄이다, 줄어들다 2. (중요성 등을) 폄하하다, 깎아내리다"
shrink,1. 줄어들다 2. 움츠러들다
ethical,"1. 윤리적인, 도덕에 관련된 2. 도덕적으로 옳은"
constitute,"1. 구성하다, 이루다 2. (~로) 여겨지다 3. 설립하다; 제정하다"
excel,뛰어나다; (평소보다) 뛰어나게 잘하다
certificate,"증명서, 자격증"
strive,"매우 노력하다, 애쓰다"
behalf,이익; 지지
defend,1. 방어하다; 수비하다 2. 옹호하다; 변호하다
cue,신호; 신호를 주다
engage,"1. (주의, 관심을) 끌다, 사로잡다 2. 고용하다 3. 참여[관여]하다"
similarity,"유사(성), 닮은 점"
break down,"1. 고장 나다 2. (장벽 등을) 무너뜨리다 3. 분해되다, 해체하다"
bring down,"1. 하락시키다, 내리다 2. 쓰러뜨리다 3. (정부 등을) 무너뜨리다, 뒤집어엎다"
come down with,(병에) 걸리다
get down,"1. (알약 등을) 삼키다, 먹다 2. 낙담시키다, 우울하게 하다"
hand down,물려주다; (후세에) 남기다
unit4,
rid,"없애다, 제거하다"
invest,"1. 투자하다 2. (시간, 노력 등을) 쏟다, 들이다"
substance,"1. 물질 2. 본질, 핵심; 실체"
mission,"1. 임무 2. (스스로 부여한) 사명, 천직"
faith,"1. 확신, 신뢰 2. 신념, 신앙(심)"
hence,"그러므로, 따라서"
dominate,지배하다; 우위를 차지하다
overwhelm,압도하다; 제압하다
protest,"항의하다, 시위하다; 항의, 시위"
scatter,1. 흩뿌리다 2. (뿔뿔이) 흩어지다
dilemma,"딜레마, 궁지"
vertical,"수직의, 세로의"
inevitable,"불가피한, 피할 수 없는"
simultaneously,"동시에, 일제히"
tremble,"(몸을) 떨다, 떨리다; 떨림"
spare,"남는, 여분의; 1. (시간, 돈 등을) 할애하다 2. (불쾌한 일 등을) 피하게 해주다"
temporary,일시적인; 임시의
undermine,"(자신감, 능력 등을) 약화시키다"
rub,"문지르다, 비비다; 문지르기"
cope,"대처하다, 대응하다"
vague,1. 애매모호한 2. 희미한; 막연한
dim,"1. 어둑한 2. (기억 등이) 흐릿한, 희미한"
blur,흐릿해지다; 모호하게 만들다
posture,자세; 태도
oval,"타원형의, 달걀 모양의; 타원형"
steep,"1. 가파른, 비탈진 2. (증감의 정도가) 급격한 3. 가격이 비싼"
magnitude,1. 엄청난 규모; 중요성 2. 크기; (별의) 광도; 지진 규모
worthwhile,(~할) 가치가 있는
minimize,최소화하다; 축소하다
integral,"필수적인, 없어서는 안 될"
cease,"중지하다, 그만두다"
bind,"1. 묶다, 매다 2. 결속시키다"
grasp,1. 꽉 잡다 2. 완전히 이해하다; 1. 움켜잡기 2. 이해
elevate,1. (들어)올리다; 증가시키다 2. 승진[승격]시키다
hold down,"억제하다, 억누르다"
let down,1. 실망시키다 2. 덜 성공적으로[효율적으로] 만들다
look down on,"얕보다, 무시하다"
put down,1. (글을) 적다 2. (무력으로) 진압하다 3. (비용의 일부를) 지불하다
settle down,"1. 정착하다 2. 진정되다, 진정시키다"
turn down,"1. (소리, 온도 등을) 낮추다 2. 거절[거부]하다"
unit5,
dust,1. 먼지 2. 가루; 1. 먼지를 털다 2. 가루를 뿌리다
package,1. 소포 2. (포장용) 상자; 포장한 상품 3. (여행 등의) 패키지
paradigm,"1. 패러다임, (특정 시대의 지배적인) 사고의 틀 2. 전형적인 예[양식]"
format,(전반적인) 구성 방식; 포맷을 만들다
upcoming,"다가오는, 곧 있을"
drawback,"결점, 문제점"
prone,"~하기 쉬운, ~하는 경향이 있는"
inquiry / enquiry,"1.질문, 문의 2. 조사, 연구"
alternate,"교대로 일어나다, 번갈아 (나오게) 하다; 번갈아 나오는"
overlap,"겹쳐지다; 중복되다, 공통되다; 겹침; 중복"
lessen,"(크기, 양 등이) 줄다, 줄이다"
terminal,"(질병 등이) 말기의; 끝의; 터미널, 종점"
collision,"충돌, 부딪침"
converge,"1. 모여들다, 집중되다 2. (생각 등이) 수렴되다"
potent,"강력한, 효과적인"
optimal,"최선의, 최적의"
discard,"폐기하다, 버리다"
magnify,"1. 확대하다 2. (중요성, 심각성을) 과장하다"
prosper,"번영하다, 번성하다"
bare,"1. 벌거벗은, 맨- 2. 가장 기본적인, 최소의"
orient,지향하게 하다; (특정 목적에) 맞추다; 동양
detach,"분리하다, 떼어내다"
parallel,"1. (선이) 평행한 2. (둘 이상의 일이) 유사한, 병행하는; 평행선; 유사[병행]하다"
crude,"1. 원래 그대로의, 가공[정제]되지 않은 2. 대충의; 대충 만든"
deplete,대폭 감소시키다; 고갈시키다
absurd,터무니없는; 어리석은
strengthen,"강화하다, 강화되다"
spatial,"공간의, 공간적인"
entail,"수반하다, (~을) 필요로 하다"
repetitive,반복적인
deadline,마감 기한[시간]
motion,"1. 움직임, 운동 2. 동작, 몸짓 3. 제안, 제의; 몸짓[손짓]을 하다"
incredible,"믿을 수 없는, 놀라운"
ongoing,계속 진행 중인
readily,"1. 손쉽게 2. 기꺼이, 선뜻"
do away with,없애다; 폐지하다
give away,1. 주다; 기부하다 2. (비밀을) 누설하다
pass away,"사망하다, 돌아가시다"
take away,"제거하다, 치우다; 줄이다"
turn away,"돌려보내다; 거부하다, 외면하다"
unit6,
domestic,1. 국내의 2. 가정(용)의 3. (동물이) 길들여진
investigate,"조사하다, 연구하다; 수사하다"
cite,"1. (이유나 예로) 들다, 언급하다 2. 인용하다"
trivial,"사소한, 하찮은"
extinguish,"(불을) 끄다, 소멸시키다"
deprive,"박탈하다, 빼앗다"
weird,"기이한, 이상한"
mess,"엉망, 지저분한[엉망인] 상태; 엉망으로 만들다, 어지르다"
disorder,"1. 무질서, 혼란; 소동 2. (신체적, 정신적) 장애, 이상"
ambiguous,"애매모호한, 여러 가지로 해석할 수 있는"
thrive,"번창하다, 번성하다; (사람, 동식물이) 잘 자라다"
flourish,"번창하다, 번성하다; (주로 동식물이) 잘 자라다"
fragile,1. 부서지기[깨지기] 쉬운 2. 허약한
interval,"1. 간격, 사이 2. (연극, 연주 등의) 휴식 시간"
vibrate,"진동하다, 떨리다"
breakthrough,획기적인 발견; 돌파구
clarify,"명확하게 하다, 분명히 말하다"
accelerate,"가속하다, 속도를 높이다"
abnormal,"비정상적인, 이상한"
drastic,급격한; 과감한
activate,작동시키다; 활성화시키다
allot,"(시간, 업무 등을) 할당하다, 분배하다"
hinder,"방해하다, 막다"
complement,"보완하다, 보충하다; 보완하는 것"
adhere,"들러붙다, 부착하다"
mobilize,"(사람, 물자 등을) 동원하다"
crush,"눌러서 뭉개다, 으깨다"
frontier,"1. 국경 (지역); 경계 2. (학문, 지식 등의) 한계"
compel,"강요하다, (억지로) 하게 하다"
circulate,"1. 순환하다 2. 유포하다, 배포되다"
circuit,"1. 순회 (노선), 순환 2. (전기) 회로"
approximate,근사치인; 대략의
stationary,"정지한, 움직이지 않는"
tangible,"1. 만질[느낄] 수 있는; 실체가 있는, 유형의 2. 명백한, 확실한"
intrinsic,"고유한, 본질적인"
back off,1. 뒤로 물러나다 2. (의견 등을) 철회하다; (뜻을) 굽히다
break off,"1. 분리하다, 떼어내다 2. (관계를) 끊다; (계약, 약속 등을) 깨다 3. (이야기, 일 등을) 중단하다, 휴식하다"
call off,(계획 등을) 취소하다; 중지하다
come off,"1. (붙어 있던 것이) 떨어지다, 떼어지다 2. (약 등을) 중지하다, 끝내다"
cut off,"1. 자르다, 잘라 내다 2. (관계를) 끊다 3. (공급, 이동을) 차단하다, 가로막다"
unit7,
innate,"선천적인, 타고난"
notify,"(공식적으로) 통지하다, 알리다"
partial,"1. 부분적인 2. 편파적인, 불공평한"
coincidence,1. 우연의 일치 2. (일이) 동시에 일어남; 공존함
gigantic,"거대한, 굉장히 큰"
glimpse,언뜻 보다; 언뜻 봄
escalate,"(단계적으로) 확대되다, 증가하다"
gorgeous,"아주 멋진, 화려한"
superficial,"1. 피상적인, 표면적인 2. (상처 등이) 경미한, 깊지 않은"
profound,"1. (영향 등이) 엄청난 2. (지식 등이) 심오한, 깊은"
promising,"유망한, 촉망되는"
renowned,"유명한, 명성 있는"
prestige,"위신, 명성"
substantial,"1. (양이) 상당한, 많은 2. 실질적인, 본질적인"
fraction,"1. 부분, 일부 2. 분수"
segment,"부분, 구획; (과일의) 조각"
vanish,"사라지다, 없어지다"
impair,"손상시키다, 악화시키다"
withstand,"견디어 내다, 버티다"
roar,(짐승이) 으르렁거리다; 함성을 지르다
slam,1. (문 등을) 쾅 닫다 2. 힘껏 밀다[던지다]; 내동댕이치다
rotate,1. 회전하다; (천체가) 자전하다 2. 교대로 근무하다
unify,"통합하다, 통일하다"
naked,"1. 나체의, 벌거벗은 2. 육안의"
pierce,"관통하다, (구멍을) 뚫다"
penetrate,"1. 관통하다, 뚫고 들어가다 2. (속내를) 간파하다"
trim,"(깎아) 다듬다, 손질하다"
grip,"1. 꽉 잡다, 움켜잡다 2. (마음, 흥미 등을) 끌다, 사로잡다; 움켜쥠"
indulge,"마음껏 하다; (욕구, 관심 등을) 충족시키다, 채우다"
rear,"뒤쪽의; 뒤쪽; 양육하다, 기르다"
supreme,"최고의, 최상의"
vacant,"1. 비어 있는; 사람이 살지 않는 2. (일자리, 직책 등이) 공석의"
duplicate,"1. 복사[복제]하다 2. 중복해서 하다, 되풀이하다; 똑같은; 사본의; 사본"
keep off,"1. (~에) 접근하지 않다, 들어가지 않다 2. (음식, 술 등을) 삼가다, 먹지 않다"
lay off,해고하다
pay off,"1. (빚을) 다 갚다, 청산하다 2. 수지맞다; 기대했던 성과를 올리다"
put off,"연기하다, 미루다"
roll off,1. 굴러떨어지다 2. (대규모로) 생산되다
see off,배웅하다
set off,"1. 출발하다 2. (폭탄 등을) 터뜨리다, 폭발시키다 3. (사건을) 일으키다"
unit8,
concrete,콘크리트; 구체적인
compound,1. 혼합물 2. 합성어; 합성의; 혼합하다
halt,"멈춤, 중단; 멈추다, 중단시키다"
endeavor,"노력, 시도; 노력하다"
deliberate,"1. 고의의, 의도적인 2. 신중한"
obscure,"1. 이해하기 힘든, 모호한 2. 잘 알려져 있지 않은; 모호하게 하다"
incline,"1. 마음이 기울다; (체질, 기질적으로) 경향이 있다 2. 기울다, 경사지다"
embrace,1. 껴안다 2. (생각 등을) 받아들이다 3. 포괄하다
supplement,"보충, 추가; 부록; 보충하다, 추가하다"
dull,"1. 지루한, 따분한 2. (빛, 색깔 등이) 흐린, 칙칙한"
subsequent,"차후의, 그 다음의"
scope,"1. 범위, 영역 2. 여지; 기회"
mimic,"모방하다, 흉내 내다"
devastate,"1. 완전히 파괴하다 2. 망연자실케 하다, 큰 충격을 주다"
compatible,1. 양립할 수 있는; 화합할 수 있는 2. 호환 가능한
fragment,"파편, 조각; 산산이 부서지다"
squeeze,"1. 짜다, 짜내다 2. (좁은 곳에) 밀어 넣다"
discern,(분명하지 않은 것을) 식별하다; 알아차리다
beforehand,"사전에, 미리"
moderate,"1. 적당한, 보통의 2. 온건한, 절도를 지키는"
restrain,"억제하다, 억누르다; 저지하다"
inhibit,"억제[저해]하다, 못하게 하다"
sole,"유일한; 혼자의, 단독의"
intact,"손상되지 않은, 온전한"
comprise,"구성하다, 이루다"
drip,(액체가) 뚝뚝 떨어지다; (액체) 방울
gross,"1. 총(계의), 전체의 2. (잘못, 오해 등이) 심한, 엄청난; 아주 무례한"
flaw,"결함, 결점, 흠"
interior,내부; 내부의
probable,"있음직한, 충분히 가능한"
implement,"실행하다, 시행하다"
dimension,"1. 치수, 크기; 규모 2. 차원"
withhold,"보류하다, 유보하다"
sheer,"1. 완전한; 순전한, 섞은 것이 없는 2. 몹시 가파른 3. (직물 등이) 얇은"
staple,"주된, 주요한; 1. 주식 2. (한 국가의) 주요 산물"
show off,"자랑하다, 과시하다"
take off,"1. (옷, 모자 등을) 벗다 2. 이륙하다 3. 휴가를 보내다, 쉬다"
turn off,1. 끄다; 잠그다 2. 흥미를 잃게 하다
wear off,"(차츰) 사라지다, 없어지다"
work off,"1. (감정을) 해소하다, 풀다 2. (빚을) 갚다"
unit9,
illustrate,"1. (예를 들어) 설명하다, 분명히 보여주다 2. 삽화를 넣다"
depict,"묘사하다, 그리다"
compliment,"칭찬, 찬사; 칭찬하다"
isolate,"고립시키다, 격리하다; 분리하다"
preference,"선호(도), 더 좋아함; 선호되는 것"
drift,"1. (물, 공기 중에) 떠가다, 표류하다 2. (자신도 모르게) ~하게 되다; 표류"
blink,"(눈, 불빛 등이) 깜박이다"
flee,"달아나다, 도망가다"
animate,"생기를 불어넣다, 생기 있게 하다; 생기 있는"
upright,"1. (위치, 자세가) 똑바른, 수직의 2. (사람이) 올바른, 정직한; 똑바로"
alter,"변경하다, 바꾸다"
distort,"1. (모양, 소리 등을) 비틀다, 일그러뜨리다 2. 왜곡하다"
proportion,"1. 비율, 부분; 비례 2. 균형, 조화 3. 크기, 규모"
migrate,"이동하다, 이주하다"
phase,"(변화, 발달 과정의) 단계, 시기; 국면"
affair,"일, 사건, 문제"
virtual,"1. 사실상의, 실질적인 2. 가상의"
coordinate,"조정하다, 조직화하다"
relevant,"관련 있는, 적절한"
via,"1. 경유하여, (~을) 거쳐 2. (~을) 매개로, (~을) 통해서"
sector,"부문, 분야, 영역"
privilege,"특혜, 특권; 특권을 주다"
joint,"공동의, 합동의; 관절; 연결 부위"
utilize,"활용하다, 이용하다"
boost,"신장시키다, 북돋우다; 후원하다; 후원, 격려"
drill,"1. 드릴, 송곳 2. 반복 훈련; 1. (드릴로) 구멍을 뚫다 2. 반복 훈련시키다"
peculiar,"1. 기이한, 이상한 2. 독특한, 고유의"
portable,"휴대용의, 휴대가 쉬운; 휴대용 기기"
shallow,얕은; 얄팍한
break in,"1. (건물에) 침입하다 2. (대화에) 끼어들다, 방해하다 3. (새것을) 길들이다; 훈련시키다"
bring in,"1. (법, 체제 등을) 도입하다 2. (수입, 이익을) 벌어들이다"
count in,"(어떤 활동이나 계획에) 포함시키다, 넣다"
drop in (on),"잠깐 들르다, 방문하다"
fill in,1. (서식을) 작성하다 2. (일이나 직책을) 대신하다
fit in (with),"1. 잘 들어맞다, 잘 어울리다 2. (시간을 내어) 만나다; 하다"
give in,"1. 제출하다 2. (마지못해) 받아들이다, 요구에 따르다 3. 항복하다"
hand in,"(과제물 등을) 제출하다, 내다"
let in on,"(비밀 등을) 알려주다, 누설하다; (비밀스러운 일에) 끼워 주다"
put in,"1. (장비, 가구 등을) 설치하다 2. (돈, 노력 등을) 들이다, 쓰다 3. (남의 말을) 거들다, 끼어들다"
take in,"1. 섭취하다; 들이마시다 2. 이해하다, 받아들이다 3. 포함하다"
unit10,
curb ,제한[억제]하다; 제한[억제]하는 것
bunch,"1. 다발, 묶음 2. (수, 양이) 많음"
accuse,"1. 비난하다 2. 고발하다, 기소하다"
retrieve,"1. 되찾다, 회수하다; 수습하다 2. (컴퓨터로 정보를) 검색하다"
initiative,1. 주도(권); 솔선 2. 결단력; 진취성
shed,"1. (피, 눈물 등을) 흘리다 2. (잎이) 떨어지다; (가죽, 껍질 등을) 벗다"
render,"1. (어떤 상태가 되게) 만들다 2. 주다, 제공하다"
tickle,간지럽게 하다
outward,겉으로 보이는; 바깥의; 밖으로
embed,"(단단히) 박다, 끼워 넣다"
immense,"엄청난, 막대한"
illuminate,"1. (불을) 비추다, 밝게 하다 2. 분명히 하다, 밝히다"
feat,"위업; (뛰어난) 솜씨, 묘기"
shrug,(어깨를) 으쓱하다
kneel,무릎을 꿇다
superb,"최고의, 최상의, 대단히 훌륭한"
breakdown,1. (기계 등의) 고장 2. (관계 등의) 실패
conscience,"양심, 도덕심"
premise,"1. (주장의) 전제 2. 건물이 딸린 토지, 구내"
dwindle,(점점) 줄어들다; 감소되다
amplify,"1. 확대하다, 증폭시키다 2. 더 자세히 설명하다"
swift,"신속한, 빠른"
eligible,"적격의, 적임의; (~을) 할 수 있는"
majestic,"장엄한, 위엄 있는"
commence,"시작되다, 시작하다"
splendid,"훌륭한, 아주 인상적인; 화려한"
refrain,"(하고 싶은 것을) 삼가다, 자제하다; 자주 반복되는 말[불평]; 후렴"
counterproductive,역효과를 낳는; 비생산적인
rigorous,"(규칙, 적용 등이) 철저한, 엄격한"
maneuver,"1. (기술적) 동작, 움직임; 책략 2. 작전행동; (능숙하게) 움직이다; 책략을 쓰다"
shade,그늘; 그늘지게 하다
triple,"3중의, 3개로 이루어진; 3배의"
be into,(~에) 관심이 많다; 좋아하다
break into,"1. (건물 등에) 침입하다; 억지로 열다 2. 끼어들다, 방해하다 3. (눈물, 웃음 등을) 갑자기 터뜨리다"
come into,"1. (유산으로) 물려받다 2. (중요하게) 작용하다, 영향을 끼치다"
go into,"1. (돈, 시간 등이) 투입되다 2. 시작하다 3. (자세히) 논의하다"
look into,"조사하다, 주의 깊게 살피다"
put into,"1. (시간, 노력 등을) 들이다 2. (어떤 특질을) 더하다"
run into,"1. (~와) 우연히 만나다 2. (곤경에) 부딪히다 3. (어떤 수준, 양에) 이르다, 달하다"
talk into,설득해서 ~하게 하다
unit11,
deterioration,(상황 등의) 악화; 품질 저하; 퇴화
transcend,"초월하다, 능가하다"
vain,"1. 헛된, 소용없는 2. 자만심[허영심]이 강한"
plausible,"(설명이) 타당한 것 같은, 그럴듯한"
intrude,"1. (가서는 안 될 곳에) 자기 마음대로 가다, 침범하다 2. 방해하다"
discrete,(같은 종류의 다른 것들과) 별개의; 분리된
consecutive,연이은
outdo,"능가하다, ~보다 뛰어나다"
weed,잡초; 잡초를 뽑다
string,"1. 줄, 끈; (현악기의) 현 2. 일련, 연속 3. 조건, 단서"
oral,"구두의, 입으로 하는 말의; 입[구강]의"
formidable,"무시무시한, 가공할"
imperative,1. 반드시 해야 하는 2. 명령적인; 명령법의; 1. 의무 2. 명령법
tedious,"지루한, 따분한"
linear,(직)선의
ubiquitous,"어디에나 있는, 흔한"
panel,"1. (목재, 유리, 금속 등으로 된) 판 2. 천 조각 3. 토론 위원; 패널"
scroll,(컴퓨터 화면을) 스크롤하다; 두루마리
aggregate,"총계, 총액; 총계의, 총합의; 총계[총액]가 ~이 되다"
stack,"무더기, 더미; 쌓다"
splash,물을 끼얹다; 첨벙거리다; (떨어지는) 방울; 첨벙거리는 소리
mundane,"평범한, 재미없는"
loop,고리; 고리 모양으로 만들다
denial,"부인, 부정"
resort,"의지하다; 1. 의지, 의존 2. 휴양지, 리조트"
pinpoint,정확히 보여주다[찾아내다]; 정확한; 아주 작은 것
thesis,1. 학위 논문 2. 논지
neural,신경(계통)의
generosity,"너그러움, 관대함"
immerse,"1. (액체에) 담그다 2. (~에) 몰두하다, 몰두하게 만들다"
deem,"(~로) 여기다, 생각하다"
disperse,"흩어지다, 분산시키다; 해산시키다"
recharge,(배터리를) 충전하다; (휴식으로 에너지 등을) 재충전하다
hollow,속이 빈; 움푹 꺼진 곳; 속이 비게 만들다
come around,"1. (정기적으로) 돌아오다 2. 의식이 돌아오다, 정신이 들다 3. 방문하다"
hang around,"어슬렁거리다, 서성거리다"
look around,(주위를) 둘러보다
turn around,"1. 몸을 돌리다, 돌아서다 2. (의견, 태도 등이) 바뀌다 3. (시장, 경제 등이) 호전되다, 회복시키다"
lay aside,~을 (한 쪽으로) 제쳐놓다[두다]
put[set] aside,"1. (감정, 의견 차이 등을) 무시하다, 제쳐놓다 2. (나중에 쓸 수 있도록) 따로 떼어두다"
unit12,
incomplete,불완전한; 미완성의
invaluable,"매우 귀중한, 매우 유용한"
ineffective,효과[효력] 없는; 효과적이지 못한
indivisible,"나눌 수 없는, 분리될 수 없는"
impersonal,"1. 특정 개인과 상관없는, 일반적인 2. 인간미 없는"
impartial,"공정한, 공평한"
immemorial,아주 먼 옛날의
illiterate,"1. 문맹의, 글을 읽고 쓸 줄 모르는 2. (특정 분야에 대해) 잘 모르는"
irresistible,(매우 강력해서) 저항할 수 없는; 억누를 수 없는
unequal,"1. (크기, 양 등이) 같지 않은 2. 불공평한"
unreasonable,"1. 불합리한 2. (가격, 요구 등이) 부당한, 터무니없는"
unearth,"1. 발굴하다, 파내다 2. 찾다, 밝혀내다"
disapprove,"찬성하지 않다, 못마땅하다"
disobey,"불복종하다, 거역하다"
disharmony,"부조화, 불화; 불협화음"
disprove,"틀렸음을 증명하다, 반박하다"
disclose,"드러내다, 밝히다"
dishonor,불명예; 1. 명예를 잃게 하다 2. (약속을) 어기다
decode,(암호 등을) 해독하다; 이해하다
demerit,"1. 단점, 결점 2. (성적표 등에 기재되는) 벌점"
deform,(기형으로) 변형시키다; 흉하게 만들다
degenerate ,"악화하다; 1. 악화된 2. 퇴폐적인, 타락한"
antisocial,"1. 반사회적인 2. 사람들과 잘 어울리지 못하는, 비사교적인"
antibacterial,"세균에 저항하는, 항균성의"
antibody,항체
counteract,(악영향에) 대응하다; (효력을) 없애다
counterclockwise,"시계 반대 방향의, 왼쪽으로 도는; 시계 반대 방향으로"
counterattack,"역습하다, 반격하다; 역습, 반격"
maladaptive,"부적응의, 적응성이 없는"
malfunction,"오작동, 고장; 제대로 작동하지 않다"
misfortune,"불운, 불행"
misdeed,"나쁜 짓, 악행"
mislead,잘못 인도하다; 오해하게 하다
misplace,"제자리에 두지 않다, 잘못 두다"
mistrust,"불신하다, 신뢰하지 않다; 불신"
come over,"1. (특히 누구의 집에) 들르다 2. (격한 감정이) 밀려오다, 엄습하다"
get over,"1. (불쾌한 상황, 감정을) 극복하다 2. 처리하다, 해결하다"
give over to,"1. (~에게) 넘기다, 양도하다 2. (특정한 목적을 위해) 사용하다"
go over,"1. 검토하다, 면밀히 살피다 2. (반복해서) 연습하다, 복습하다"
look over,"(빠르게 대충) 훑어보다, 살펴보다"
unit13,
intake,1. 섭취(량) 2. 흡입(구)
inborn,"선천적인, 타고난"
immigrate,"(다른 나라로) 이민 오다, 이주해 오다"
emigrate,"(다른 나라로) 이민 가다, 이주해 가다"
exterminate,"근절하다, 몰살하다, 모조리 없애버리다"
outstanding,"눈에 띄는, 두드러진; 아주 훌륭한"
outline,1. 윤곽 2. 개요; 1. 윤곽을 나타내다 2. 개요를 말하다
outbreak,"(전쟁, 질병 등의 갑작스런) 발생, 발발"
outlaw,"불법화하다, 금지하다"
outweigh,"(~보다) 더 크다, (~보다) 대단하다"
outgrow,"(몸이 커져서 옷 등이) 맞지 않게 되다, (~보다) 더 커지다"
outrun,"1. (~보다) 더 빨리[멀리] 달리다 2. 넘어서다, 웃돌다"
outperform,"더 나은 결과를 내다, 능가하다"
outlast,(~보다) 더 오래가다[견디다]
outdated,"구식인, 시대에 뒤처진"
outlive,"(~보다) 더 오래 살다, (~보다) 더 오래 지속되다"
utmost,"최대(한)의, 최고(도)의, 극도의"
interpersonal,대인관계에 관련된
intersection,"교차로, 교차 지점"
interdependent,상호의존적인
interchange,"1. 교환 2. (고속도로의) 인터체인지, 분기점; 교환하다"
underlie,"(~의) 기초가 되다, 기저를 이루다"
underestimate,"과소평가하다, (비용을) 너무 적게 잡다; 과소평가"
undergo,"경험하다, 겪다"
subconscious,"잠재의식적인, 어렴풋이 의식하는; 잠재의식"
subtitle,1. 부제 2. 자막
transplant,이식하다; (식물을) 옮겨 심다; 이식
telecommute,(통신 시설을 이용하여) 재택 근무하다
adjust,"1. 조정하다, 맞추다 2. 적응하다, 순응하다"
accompany,"1. 동반하다, 동행하다 2. 반주하다"
accumulate,"축적하다, 모으다"
allocate,"배분하다, 할당하다"
affirm,"단언하다, 주장하다"
prolong,"연장하다, 늘리다"
pull over,(차를) 길 한쪽에 대다
run over,1. (차로) 치다 2. (액체가) 넘치다
stop over,잠시 머무르다; 경유하다
take over,"(책임, 의무 등을) 넘겨받다, 이어받다"
think over,숙고하다
turn over,"1. 뒤집다 2. (권리, 책임 등을) 넘겨주다"
unit14,
preview,"시사회; 예고편; (시사, 시연 따위를) 보이다"
premature,"시기상조의, 너무 이른"
precaution,"예방(책); 경계, 조심"
predominant,"우세한, 지배적인; 두드러진"
predetermine,"미리 결정하다, 예정하다"
foretell,"예언하다, 예고하다"
foremost,"가장 유명한, 으뜸가는"
foresee,"예견하다, 예지하다"
forefather,"선조, 조상"
forecast,"예보, 예측; 예보하다, 예측하다"
foreshadow,"조짐을 나타내다, 전조가 되다"
overtake,"1. 추월하다; 능가하다 2. (불행 등이) 엄습하다, 갑자기 덮치다"
overdue,"지불 기한이 지난, 연체의"
overhear,(남의 대화 등을) 우연히 듣다; 엿듣다
overestimate,과대평가; 과대평가하다
overwork,"과로; 과로하다, 과로시키다"
overflow,범람; 범람하다; 넘치다
overhead,"머리 위로, 머리 위에; 머리 위의"
overview,"개요, 개관"
oversee,"감독하다, 감시하다"
surpass,"능가하다, 뛰어넘다"
surmount,"극복하다, 이겨내다"
reaction,"1. 반응 2. 반발, 반작용"
reform,"개혁, 개선; 개혁하다, 개선하다"
remodel,"(건물 등을) 개조하다, 리모델링하다"
reproduce,1. 재생[재현]하다; 복제하다 2. (동식물이) 번식하다
renew,"1. 갱신하다, (계약 등의) 기한을 연장하다 2. 재개하다, 다시 시작하다"
rebuild,"(건물 등을) 재건하다, 다시 세우다"
recreate,"1. 재현하다, 되살리다 2. 기운을 회복시키다"
reunite,재결합하다; 재회하다
recollect,"회상하다, 생각해내다"
reunion,"1. 재회; 재결합 2. 동창회, (오랜만의) 모임"
ask out,데이트 신청하다
break out,"1. 발생하다, 발발하다 2. 탈출하다, 벗어나다"
bring out,"1. (재능, 특징 등을) 끌어내다 2. 출시하다, 출판하다"
burn out,1. 다 타서 없어지다 2. 완전히 지치다
burst out,"1. 갑자기 ~하기 시작하다 2. 외치다, 버럭 소리를 지르다"
carry out,"실행하다, 수행하다; 완수하다"
check out,1. 확인하다 2. (호텔에서) 체크아웃하다 3. (책 등을) 대출하다
drop out (of),1. 사라지다; 떨어져 나가다 2. (도중에) 그만두다
unit15,
compassion,"동정(심), 연민"
compromise,"타협, 절충; 타협하다, 절충하다"
compile,"(여러 출처에서 자료를 따와) 엮다, 편집하다"
consequence,"1. 결과 2. 중요성, 중대함"
contemporary,"1. 같은 시대의 2. 현대의, 당대의; 같은 시대의 사람"
confront,"(문제에) 직면하다, 맞서다"
conform,"1. (관습, 규칙 등에) 순응하다, 따르다 2. 일치하다"
consolidate,"1. 통합하다 2. (권력, 지위 등을) 굳히다, 강화하다"
configuration,"배열, 배치"
concentrate,"1. 집중하다, 집중시키다 2. 농축하다; 농축물"
correspond,"1. 일치하다, 부합하다 2. 상응하다, 해당하다 3. 편지[소식]를 주고받다"
correlation,"상관관계, 연관성"
coexist,"(같은 장소에) 공존하다, 동시에 존재하다"
cooperation,협력; 협조
endanger,"위험에 빠뜨리다, 위태롭게 하다"
enrich,"1. 부유하게 하다 2. (질, 가치, 맛 등을) 높이다; 풍요롭게 하다"
enlarge,"확대하다, 확장하다"
enlighten,"(설명하여) 이해시키다, 깨우치다; 계몽하다"
enroll / enrol,등록하다; 입학[입회]시키다
encode,"부호화하다, 암호로 바꾸다"
envision,"(바라는 일을) 마음속에 그리다, 상상하다"
entrust,"위임하다, 맡기다"
entitle,1. 제목을 붙이다 2. 자격[권리]을 주다
enforce,"1. (법을) 집행하다, 시행하다 2. 강요하다"
encompass,"1. 포함하다, 아우르다 2. 둘러싸다, 에워싸다"
empower,(~할) 권한[자격]을 주다; ~할 수 있도록 하다
multitask,"다중 작업을 하다, 동시에 여러 가지 일을 하다"
multitude,"1. 다수, 대량 2. 군중, 많은 사람"
multicultural,"다문화의, 여러 문화가 공존하는"
drown out,(소음이) ~을 들리지 않게 하다
figure out,1. 산출[계산]하다 2. 알아내다; 이해하다
hand out,"나눠주다, 배포하다"
lay out,"1. (보기 쉽게) 펼치다, 배치하다 2. 자세히 설명하다"
leave out,"빼다, 배제시키다"
make out,"1. 알아내다; 이해하다 2. (잘)해 나가다, 성공하다"
pass out,"1. 나눠주다 2. 의식을 잃다, 기절하다"
pick out,"1. 고르다, 집어내다 2. 알아내다, 분간하다"
point out,"지적하다, 가리키다"
put out,1. (밖으로) 내놓다; 출시하다 2. (불을) 끄다
rule out,"제외시키다, 배제하다"
unit16,
heighten,"고조시키다, 고조되다"
broaden,넓어지다; 넓히다
exemplify,예를 들다; 전형적인 예가 되다
individualize,"개개인의 요구에 맞추다, 개별화하다"
differentiate,"구별하다, 구분 짓다"
liberate,해방시키다; 자유롭게[벗어나게] 해주다
countless,"무수한, 셀 수 없이 많은"
defenseless,무방비의; 방어할 수 없는
iconic,상징[아이콘]이 되는
injurious,"손상을 주는, 해로운"
habitual,습관적인
fictional,허구적인; 소설의
childish,1. 어린애 같은 2. 유치한
sensory,"감각의, 지각의"
collaborative,"공동의, 협력하는"
timely,"시기적절한, 때맞춘"
handy,"1. 유용한, 편리한 2. 가까운[이용하기 편한] 곳에 있는 3. 손재주가 있는"
troublesome,"골치 아픈, 성가신"
worrisome,"걱정스럽게 만드는, 걱정스러운"
observer,"1. 관찰자, 감시자 2. (회의 등의) 참관인"
migrant,1. 이주자 2. 철새; (계절에 따라) 이동하는 동물
revolutionary,"혁명가; 혁명의, 혁명적인 "
attendee,"참석자, 출석자"
estimation,"(가치, 자질에 대한) 판단, 평가; 추산"
domination,"1. 지배, 통치 2. 우세"
approximation,근사(치); 비슷한[가까운] 것
dependence,"의존(성), 의지"
artistry,예술적 기교; 예술성
mastery,"1. 숙달, 통달 2. 지배(력)"
immediacy,"신속성, 긴급성; 직접성"
presidency,대통령 임기[직]; 회장 임기[직]
companionship,"동료애, 동지애, 우정"
egocentrism,자기중심(성)
run out (of),다 써버리다; (물건이) 동나다
set out,"1. 출발하다; (목표, 목적 등을 위해) 착수하다, 시작하다 2. 진열하다, 준비하다"
stand out,"두드러지다, 눈에 띄다"
turn out,"1. 모습을 드러내다, 나타나다 2. (~인 것으로) 드러나다, 밝혀지다 3. 만들어내다, 생산하다 4. (불 등을) 끄다"
wear out,"1. 닳다, 닳게 하다 2. 지치게 하다"
wipe out,"1. 파괴하다, 완전히 없애다 2. 녹초로 만들다, 지치게 하다"
work out,1. (일이) 잘 되어가다 2. (문제를) 해결하다; (해결책을) 찾다 3. 운동하다 4. 계산하다
unit17,
degrade,"1. (질, 가치 등을) 저하시키다 2. 비하하다"
ingredient,"1. (특히 요리의) 재료, 성분 2. 구성 요소"
aggressive,1. 공격적인 2. (대단히) 적극적인
regress,"퇴보하다, 퇴행하다"
congress,"1. (대표자, 위원) 회의, 회합 2. (미국의) 의회, 국회"
progressive,1. 진보적인 2. 점진적인
precede,"선행하다, (~보다) 먼저 일어나다"
recede,"1. (서서히) 물러나다; 멀어지다 2. 약해지다, 희미해지다"
proceed,"1. (특정 방향으로) 가다, 향하다 2. 계속되다, 진행하다"
process,"과정, 절차; 처리하다; 가공하다"
predecessor,전임자; 이전의 것
deceased,"(최근에) 사망한, 고인이 된"
evade,"피하다, 모면하다"
pervasive,"스며드는, 만연한"
convention,"1. 회의; (대규모) 집회 2. (국가, 지도자 간의) 조약, 협약 3. 관습, 관례"
advent,"(중요한 사건, 인물의) 출현, 도래"
venture,모험(적 사업); 위험을 무릅쓰고 ~을 하다
intervene,"1. (다른 사람이 말하는 데) 끼어들다, 가로막다 2. 중재하다; 개입하다"
emit,"(빛, 가스, 냄새 등을) 내뿜다, 발산하다"
submit,"1. (서류 등을) 제출하다 2. 복종하다, 굴복하다"
omit,빠뜨리다; 생략하다
transmit,"1. 전송하다 2. (병을) 전염시키다 3. (지식 등을) 전하다 4. (열, 전기 등을) 전도하다"
intermittent,"간헐적인, 간간이 일어나는"
intermission,"(연극, 연주회 등의) 중간 휴식 시간; 중지"
dismiss,"1. 내쫓다, 해고하다 2. (집회 등을) 해산시키다 3. 묵살하다, 무시하다"
infer,"추론하다, 추측하다"
confer,"1. 협의하다, 상의하다 2. (상, 학위 등을) 수여하다, 주다"
recur,"재발하다, 다시 발생하다"
extracurricular,"과외의, 정규교육과정 외의"
concur,"1. 동의하다, 일치하다 2. 동시에 일어나다"
incur,1. (좋지 못한 상황을) 가져오다 2. (비용을) 발생시키다; 물게 되다
impede,"(진행을) 지연시키다, 방해하다"
call on,"1. (짧게) 방문하다 2. 요구하다, 부탁하다"
carry on,"(행동, 일 등을) 계속하다, 계속 가다"
catch on,"1. 유행하다, 인기를 얻다 2. 이해하다"
count on,"의지하다, 믿다"
dwell on[upon],"연연하다, (오랫동안) 깊이 생각하다"
get on with,1. 계속해나가다 2. (~와) 사이좋게 지내다
hang on (to),1. 꽉 붙잡다; 매달리다 2. 고수하다 3. (~에) 달려있다 4. (전화를 끊지 않고) 기다리다
hit on[upon],(좋은 생각 등이) 불현듯[우연히] 떠오르다
unit18,
aspect,"(측)면, 양상"
prospect,"1. 전망, 경치 2. 가망, 가능성; 예상 3. (성공할) 전망"
inspect,"점검하다, 검사하다"
retrospect,"회상, 회고"
introspective,자기 성찰적인
specification,"설명서, 설계서; 사양"
suspicious,"1. 의심스러운, 수상쩍은 2. 의심스러워하는, 못 미더워하는"
speculate,깊이 생각하다; 추측[짐작]하다
spectator,(특히 스포츠 행사의) 관중
supervise,"감독하다, 관리하다"
revise,"변경하다, 수정하다; 개정하다"
improvise,"즉흥적으로 하다, 즉석에서 만들다"
visual,"시각의, (눈으로) 보는; 눈에 보이는"
provision,"1. 제공, 공급 2. 준비, 대비 3. (특히 장거리 여정을 위한) 식량 4. (법률 문서의) 규정, 조항"
auditory,"청각의, 귀의"
auditorium,객석; 강당
audible,"잘 들리는, 들을 수 있는"
ascribe,(원인 등을 ~에) 돌리다; 탓으로 돌리다
describe,"묘사하다, 서술하다"
subscribe,구독하다; (유료 채널 등에) 가입하다
inscribe,"(이름 등을) 새기다, 쓰다"
transcribe,"1. (생각, 말을 글로) 기록하다 2. (다른 형태로) 바꿔 쓰다"
autograph,(유명인의) 사인; (유명인이) 사인을 해주다
telegraph,전보; 전보를 보내다
diagram,(주로 선으로 구성된) 도해; 도식; 도표
multiply,1. 곱하다 2. 크게 증가하다 3. 번식하다
complicate,"복잡하게 만들다, 복잡하게 되다"
implicit,"암시된, 내포된"
explicit,"명백한, 뚜렷한"
replicate,"복제하다, 모사하다"
contradict,"1. 반박하다, 부정하다 2. 모순되다"
dictate,"1. 받아쓰게 하다 2. 명령하다, 지시하다 3. 좌우하다, 영향을 주다; 명령, 지시"
dedicate,"1. 전념[헌신]하다 2. 헌정하다, 바치다"
hold on (to),1. 붙잡다; 견디다 2. 유지하다; 고수하다 3. (전화를 끊지 않고) 기다리다 
let on,"(비밀 등을) 말하다; 누설하다, 폭로하다"
live on,"1. 계속 살다, 존재하다 2. (~을) 주식으로 하다[먹고살다]"
take on,"1. (의미, 중요성을) 가지다; (특질을) 띄다 2. (일을) 떠맡다 "
tell on,1. 고자질하다 2. (특히 안 좋은) 영향을 미치다
wait on,"1. 기다리다 2. 식사를 내오다 3. 돌보다, 시중을 들다"
work on,"(해결, 개선을 위해) 애쓰다[공들이다], 노력을 들이다"
unit19,
artifact / artefact,"(역사적 의의가 있는) 인공물, 유물 "
magnificent,"훌륭한, 장엄한"
counterfeit,"위조의, 가짜의; 위조하다, 모조하다"
feasible,실현 가능한
defect,"결점, 결함; 장애; 망명하다"
proficient,"능숙한, 숙달된"
sacrifice,"1. 희생하다, 포기하다 2. 제물을 바치다; 1. 희생 2. 제물"
manual,"손으로 하는, 수동의; 육체를 쓰는; 설명서"
manuscript,"1. (책, 악보 등의) 원고 2. 필사본, 손으로 쓴 것"
manipulate,"1. (기계 등을) 조작하다, 잘 다루다 2. (여론 등을 교묘하게) 조종[조작]하다"
convert,"1. (형태 등을) 전환하다, 개조하다 2. 개종하다"
extrovert,외향적인 사람
invert,"(아래위를) 뒤집다, (순서를) 도치시키다"
diverse,"다양한, 가지각색의"
reverse,"(정반대로) 뒤바꾸다, 반전시키다; 1. 뒷면 2. 반대; 반대의"
version,"1. (어떤 것의) -판, 형태 2. (개인의) 설명, 견해"
adverse,"반대하는, 거스르는; 불리한"
converse,"정반대, 역; 정반대의; 대화하다, 담화하다"
traverse,"가로지르다, 횡단[관통]하다; 횡단"
confine,"1. 제한하다, 국한시키다 2. 가두다, 감금하다"
definite,"명확한, 확실한; 확신하는"
infinite,"무한한, 한계가 없는"
receptive,"수용적인, 잘 받아들이는"
susceptible,"(~에) 영향을 받기 쉬운, 취약한; 민감한"
intercept,(중간에) 가로막다; 가로채다
captivate,(~의) 마음을 사로잡다
capable,1. 할 수 있는 2. 유능한
conceive,"1. 상상하다, (생각 등을) 마음에 품다 2. 임신하다"
deceive,"기만하다, 속이다"
receipt,"1. 영수증 2. 수령, 받기"
conceit,"자만심, 자부심"
anticipate,"1. 예상하다 2. 기대하다, 고대하다"
maintain,"1. (건물, 기계 등을) 유지하다 2. (관계 등을) 지속하다 3. 주장하다"
abstain,"삼가다, 절제하다"
conserve,"보존[유지]하다, 보호하다; (자원 등을) 아껴 쓰다"
bring about,"초래하다, 유발하다"
go about,"1. 시작하다, 착수하다 2. (하던 대로) 계속하다"
see about,1. 고려하다; (결정하기 전에) 검토하다 2. 돌보다
come across,1. 우연히 마주치다 2. (특정한) 인상을 주다 3. 이해되다
get across,"이해시키다, 의미가 전달되다"
unit20,
biology,1. 생물학 2. 생명 작용[활동]
antibiotic,"항생제, 항생물질"
biofuel,"(자연에서 얻는) 바이오 연료, 생물 연료"
biotech(nology),"생명 공학, 인간 공학"
bioethics,생명 윤리(학)
biosphere,생물권 
symbiotic,"공생의, 공생하는"
autobiography,자서전
vital,1. 필수적인 2. 활력이 넘치는
revive,"1. 활기를 되찾다, 회복하다 2. (연극 등을) 재공연하다"
vivid,"생생한, 선명한"
vigorous,"원기 왕성한; 활발한, 격렬한"
genuine,"진짜의, 진품의; 진실한, 진심의"
ingenuity,"기발한 재주, 독창성"
gender,"성, 성별"
generalize,일반화하다; 보편화하다
generic,"포괄적인, 총칭[통칭]의"
inspire,"1. 격려하다, 용기를 북돋우다 2. 영감을 주다"
aspire,"열망하다, 바라다"
expire,"(정해진 기간이) 만료되다, 끝나다"
conspire,"1. 공모하다, 음모를 꾸미다 2. (난처한 일이) 동시에 일어나다"
territorial,영토의; 세력권을 주장하는
terrestrial,1. 지구의 2. 육지의; 육지에 사는
geography,"1. 지리학 2. 지리, 지형"
geometry,기하학; 기하학적 구조
geothermal,지열의
astronomy,천문학
astrology,"점성술, 점성학"
asteroid,소행성
disastrous,"처참한, 피해가 막심한"
anniversary,(해마다 돌아오는) 기념일
millennium,천 년; 새 천 년이 시작되는 시기
chronological,"(여러 사건이) 발생 순서대로 된, 연대순의"
synchronize,"동시에 발생하다, 동시에 움직이다"
come up against,직면하다; 대립하다
go against,1. 거스르다; 반대하다 2. (~에게) 불리하다
come along,"1. 나타나다, 도착하다 2. 동행하다, 함께 가다"
get along,"1. (~와) 사이좋게 지내다 2. (일 등을) 해나가다, (일이) 되어가다"
go along (with),"1. 동행하다 2. 나아가다, 진전되다 3. (~에) 동조하다, 찬성하다"
play along (with),"1. 동조하다, 협력하다 2. (~에) 동의[동조]하는 체하다"
unit21,
contend,1. 싸우다; 겨루다 2. (언쟁 중에) 주장하다
intense,"강렬한, 격렬한"
abstract,"1. 추출하다 2. 요약하다; 1. 개요, 발췌 2. 추상; 추상적인"
extract,"추출하다, 발췌하다; 추출물, 발췌"
subtract,"공제하다, 빼다"
enclose,1. (울타리 등으로) 둘러싸다 2. (편지 등에) 동봉하다
exclude,"제외하다, 배제하다"
induce,"1. 유도하다, 설득하다 2. 유발하다, 일으키다"
conduce,"(좋은 결과로) 이끌다; 공헌하다, 이바지하다"
subdue,"1. 진압하다, 정복하다 2. (감정을) 억누르다, 가라앉히다"
repress,"1. (감정을) 참다, 억누르다 2. 진압하다"
suppress,"1. 진압하다 2. (감정을) 억누르다, 억제하다"
compress,"압축하다, 꾹 누르다"
oppress,"탄압[억압]하다, 억제하다"
dispel,"(근심 등을) 없애다, 떨쳐 버리다"
expel,1. 쫓아내다; 퇴학[추방]시키다 2. (공기나 물을) 배출하다
impel,"(생각, 기분이) ~해야만 하게 하다"
repel,1. 격퇴하다; 쫓아버리다 2. 혐오감을 주다
propel,1. 나아가게 하다 2. (어떤 상황으로) 몰고 가다
impulse,"1. 충동 2. 충격, 자극"
dispose,"1. 배치[배열]하다 2. (~에게) ~의 경향을 갖게 하다, ~하고 싶게 하다"
impose,"1. (힘든 일을) 부과하다, 지우다 2. (의견 등을) 강요하다"
proposal,"1. 제안(서), 제의 2. 청혼"
component,"(구성)요소, 부품"
proponent,"지지자, 찬성자"
opponent,1. 반대자 2. (대회 등의) 상대
impending,"(불쾌한 일이) 임박한, 곧 닥칠"
append,"(글에) 덧붙이다, 첨부하다"
pendulum,(시계의) 추; 진자
suspend,1. 매달다 2. (일시) 중단하다; 보류하다 3. 정직[정학]시키다
compensate,"1. 보완[보충]하다 2. 보상하다, 보상금을 주다"
insert,"(다른 것 속에) 끼우다, 끼워 넣다; (글 속에) 삽입하다"
assert,"(강하게) 주장하다, 단언하다"
account for,"1. 설명하다 2. (~의) 이유[원인]가 되다 3. (부분, 비율을) 차지하다"
answer for,"(~에 대해) 책임지다, 보증하다"
call for,"1. 요구하다; 필요로 하다 2. (날씨, 상황 등을) 예측하다 3. 데리러 가다"
go for,"1. 얻으려 애쓰다, 목표로 하다 2. 선택하다"
look for,"1. 찾다, 구하다 2. 기대하다"
make for,(~로) 향하다
stand for,"1. 의미하다, 상징하다 2. 지지하다, 옹호하다"
unit22,
accord,"부합하다, 일치하다; 1. 부합, 일치 2. (공식) 합의 협정"
cordial,"마음에서 우러난; 다정한, 따뜻한"
discord,"1. 불일치, 불화 2. 불협화음"
antipathy,"(강한) 반감, 혐오, 악감정"
apathy,"무관심, 냉담"
pathetic,"1. 불쌍한, 애처로운 2. 서투른, 형편없는"
empathy,"감정 이입, 공감"
sympathy,"1. 공감, 동감; 찬성 2. 동정(심), 연민"
sensation,"1. 감각 2. 느낌; 기분 3. 센세이션, 돌풍"
sensible,"분별력 있는, 현명한"
sentiment,"1. 감정, 정서, (감정에 근거한) 의견 2. 감상"
consent,"동의하다, 허락하다; 합의하다; 동의, 허락"
dissent,"반대하다; 반대, 반대 의견"
resent,"분하게 여기다, 분개하다, 화를 내다"
credible,"믿을 수 있는, 신뢰할 수 있는"
credulous,"잘 믿는, 잘 속는"
avail,도움이 되다; 유용하다
evaluate,평가하다 
prevail,"1.만연[유행]하다, 널리 퍼지다 2. 승리하다, 이기다"
valid,1. 유효한 2. 타당한; 정당한
adequate,"충분한, 적절한"
equation,"1. 방정식, 등식 2. 동일시"
equivalent,"(가치, 의미 등이) 동등한, 같은; (~에) 상응하는; 상응하는 것"
appraise,1. 평가하다; 감정하다 2. 살피다
eject,1. 쫓아내다 2. 튀어나오게 하다; (연기 등을) 내뿜다
inject,"주입하다, 주사하다"
abrupt,"1. 갑작스러운, 뜻밖의 2. 퉁명스러운"
corrupt,"부패한, 타락한; 부패하게 하다, 타락시키다"
erupt,(화산 등이) 분출하다; (감정 등이) 폭발하다
disrupt,"방해하다, 지장을 주다; 붕괴시키다"
anonymous,"익명인, 신원 불명의"
antonym,반의어
synonymous,1. 동의어[유의어]의 2. 아주 밀접한
intermediate,"중간의, 중급의; 중급자"
medieval / mediaeval,중세의; 중세풍의
mediate,"중재하다, 조정하다; 화해시키다"
come through,"1. 성공하다, 해내다 2. (정보, 의미 등이) 들어오다, 전달되다"
get through,"1. 통과하다, 빠져나가다 2. (일 등을) 끝내다, 완수하다"
go through,"1. 겪다, 경험하다 2. 자세히 조사[검토]하다"
look through,"1. (빠르게) 살펴보다, 훑어보다 2. 검토하다"
unit23,
particle,"입자; 극소량, 아주 작은 조각"
molecule,분자
atom,원자
nuclear,1. (원자)핵의 2. 원자력의; 핵무기의
hydrogen,수소
solid,"고체; 1. 고체의; 단단한 2. 확실한, 믿을 수 있는"
condense,"1. 응결하다; 농축시키다 2. (글, 정보 등을) 요약하다"
liquid,액체; 액체 형태의
dissolve,"1. (액체로) 용해되다, 녹이다 2. (관계, 모임 등을) 끝내다; 해산시키다"
fluid,"유동체; 1. 유동성의 2. 유동적인, 변하기 쉬운 3. (움직임 등이) 부드러운"
vapor,증기
evaporate,"1. 증발하다[시키다] 2. (희망, 열의 등이) 사라지다"
decompose,"(화학 작용에 의해) 분해되다, 부패하다"
dilute,희석하다; (액체가) 희석된
refine,"1. 정제하다, 불순물을 제거하다 2. 개선하다, 다듬다"
chemical,"화학의, 화학적인; 화학 물질"
synthetic,합성의; 인조의 
fuse,융합[결합]되다; 녹이다; 전기 퓨즈; 도화선
rust,"(금속의) 녹; 녹슬다, 부식하다"
mass,"1. 질량 2. (큰) 덩어리 3. 무리; 많은, 대량의"
gravity,"중력, (지구) 인력"
magnet,1. 자석 2. 사람의 마음을 끄는 것
elastic,"탄성의, 탄력 있는; 신축성이 있는"
resilience,"1. 탄성, 탄력(성) 2. 회복력"
friction,"1. 마찰(력) 2. (의견의) 충돌, 불화"
velocity,"속도, 속력"
ray,광선; 빛
thermal,1. 열의 2. 보온이 잘되는
radiate,"(빛, 열 등을) 방출하다, 내뿜다"
hypothesis,가설; 가정
undertake,"1. (책임을) 맡다, 착수하다 2. 약속하다"
simulate,"1. 모의실험을 하다 2. ~인 체하다, 가장하다"
apparatus,"1. 기구, 장치 2. (정부 등의) 기구, 기관 3. (신체의) 기관"
specimen,"견본, 표본"
formula,"1. 공식, -식 2. 방법; 비결"
ratio,"비, 비율"
statistics,1. 통계 (자료) 2. 통계학
verify,증명[입증]하다; 확인하다
figure,"1. 모습, 형상
2. (중요한) 인물
3. 몸매
4. 숫자; 수치
5. 도표, 그림; 도형"
scale,"1. 저울
2. 오르다
3. 등급, 계급
4. 규모, 정도
5. 축척, 비율
6. 비늘; 비늘을 벗기다
7. 치석을 제거하다; 치석"
unit24,
globe,1. 지구; 세계 2. 구 3. 지구본
hemisphere,(지구 등의) 반구
polar,"1. 북극[남극]의, 극지의 2. (자석의) 양극[음극]의"
arctic,북극 (지방); 북극의
continent,"대륙; 육지, 본토"
marine,"바다의, 해양의; 해병대원"
submarine,"바닷속의, 해저의; 잠수함"
mediterranean,지중해; 지중해의
equator,(지구의) 적도
latitude,"1. 위도 2. (행동, 사상 등의) 자유; 허용 범위"
altitude,"고도, 해발"
atmosphere,"1. 대기, 공기 2. 분위기"
aerial,"1. 대기의, 공기의; 공중의 2. 항공(기)의"
coast,해안(지방)
offshore,"1. 해안의, 연안의 2. 국외의; 앞바다에; (육지에서) 바다로"
terrain,지형; 지역
horizon,"1. 수평선, 지평선 2. (인식, 사고 등의) 시야"
slope,"비탈, 경사지; 경사지게 하다"
swamp,"늪, 습지; (큰 파도 등이) 뒤덮다"
wilderness,"황무지, 황야; 버려진 땅"
stream,"1. 개울, 시내 2. (계속 이어진) 줄, 흐름"
geological,"지질학(상)의, 지질의"
marble,1. 대리석 2. 구슬
erode,"1. (비, 바람 등이) 침식시키다; 풍화되다 2. (서서히) 약화시키다"
cosmos,(질서를 이룬 체계로서의) 우주
galaxy,은하계; 은하수
solar,태양의; 태양열을 이용한
lunar,달의; 달의 작용에 의한
eclipse,"(해, 달의) 식; (달, 지구 등이 다른 천체를) 가리다"
satellite,위성; 인공위성
comet,혜성
orbit,궤도; 궤도를 돌다
revolve,"(천체가) 공전하다; (축을 중심으로) 돌다, 회전하다"
observatory,관측소; 천문대; 기상대
telescope,망원경
probe,"탐사하다; 조사하다, 캐묻다; 조사"
spacecraft,우주선
flat,"1. 평평한; (땅이) 평지인 2. 납작한 3. 바람이 빠진, 펑크 난; 펑크 난 타이어 4. (요금, 가격 등이) 균일한 5. 아파트식 주택"
object,"1. 물체, 사물 2. 목적, 목표 3. (감정, 행위 등의) 대상 4. 반대하다"
subject,"1. 주제, 화제 2. 과목, 학과 3. 대상, 소재 4. 연구대상, 피실험자 5. 지배하다; 지배를 받는; (승인 등을) 받아야 하는; 신하 6. ~될 수 있는"
unit25,
organism,"유기체, (작은) 생물"
microbe,미생물
germ,"세균, 병균"
cell,"1. 세포 2. (수도원, 교도소 등의) 작은 방; 독방 3. 전지"
tissue,1. (세포들로 이뤄진) 조직 2. 화장지; 얇은 종이[천]
ape,"유인원, 꼬리 없는 원숭이"
mammal,포유동물
primate,영장류 
reptile,파충류
wildlife,야생동물
botanic(al),식물의; 식물학(상)의
vegetation,"(특정 지역의) 초목, 식물"
stem,"1. (식물의) 줄기, 대 2. 어간; 생기다, 유래하다"
predator,"포식자, 포식 동물; 약탈자"
prey,"1. (동물의) 먹이, 사냥감 2. 희생자, 피해자"
parasite,"기생 동물[식물], 기생충"
breed,"1. 새끼를 낳다 2. 사육하다, 재배하다 3. 야기하다, 일으키다; 품종"
hatch,"(알을) 깨다, 부화하다; (배, 항공기의) 출입문[구]"
sting,"1. (가시, 침 등으로) 찌르다, 쏘다 2. 따끔거리다, 쓰리다"
burrow,"1. (굴을) 파다 2. (~속으로) 파고들다, 파묻다; 굴"
pollination,수분
sprout,싹; 싹이 나다
blossom,"1. 꽃이 피다 2. (얼굴, 형편이) 피다, 좋아지다; (과일나무의) 꽃"
bloom,"꽃이 피다; 1. (관상용) 꽃 2. 한창(때), 전성기 "
wither,"1. 시들다, 말라 죽다 2. 약해지다; 사라져 가다"
ferment,"발효되다, 발효시키다; 발효(균); 효소"
dormant,"(동식물이) 발육을 중단한, 휴면기의; 동면중의"
hibernation,"겨울잠, 동면"
aquatic,1. 물속[물가]에서 자라는 2. 물과 관련된
nocturnal,야행성의
adaptation,1. 적응 2. 각색
tame,(짐승 등을) 길들이다; 길들여진
gene,유전자
heredity,유전; 유전적 특징
species,(분류상의) 종
hybrid,"1. (동식물의) 잡종 2. 혼성체, 혼합물"
evolve,1. 진화하다 2. (점진적으로) 발전하다
mutate,1. 돌연변이가 되다 2. 변화하다
measure,"1. 측정하다, 재다
2. 척도, 기준
3. 평가하다, 판단하다 
4. 조치, 대책"
trunk,"1. (나무) 줄기
2. (사람의) 몸통
3. (코끼리의) 코
4. 여행용 큰 가방
5. (자동차의) 트렁크"
unit26,
temperate,"1. (기후, 지역 등이) 온화한, 온난한 2. 절제하는, 삼가는"
humid,"(날씨, 공기 등이) 습한, 눅눅한"
rainfall,강우(량)
breeze,"산들바람, 미풍"
twilight,"1. 황혼, 땅거미 2. 황혼기, 쇠퇴기"
tide,조수
catastrophe,대참사; 큰 재앙
shatter,산산이 부수다; 파괴하다
volcano,화산
blaze,"1. 활활 타다 2. 빛나다; 1. 불꽃, 화염 2. 눈부신 빛"
avalanche,"1. 눈사태, 산사태 2. (우편물, 질문 등의) 쇄도"
landslide,1. 산사태 2. (선거에서) 압도적인 승리
blast,"1. 강한 바람 2. 폭발; 폭발하다, 폭발시키다"
drown,"익사시키다, 물에 빠져 죽다"
casualty,사상자; 피해자
evacuate,"대피시키다; (위험 지역, 건물 등을) 비우다"
exhaust,"1. 고갈시키다, 다 써버리다 2. 지치게 하다; 배기가스"
contaminate,"오염시키다, 더럽히다"
pollutant,"오염물질, 오염원"
fossil,화석
radioactive,"방사능의, 방사성의"
by-product,1. 부산물 2. 부작용
disposable,"사용 후 버릴 수 있는, 일회용의; 처분 가능한"
rubbish,쓰레기; 폐물
dump,(쓰레기 등을) 내버리다
landfill,쓰레기 매립(지)
sewage,"하수, 오물"
stink,악취를 풍기다; 악취
glacier,빙하
barren,"(땅이) 불모의, 메마른"
extinct,"1. (생물, 종족 등이) 멸종된 2. (화산 등이) 활동을 멈춘"
rainforest,(열대) 우림
deforestation,삼림 벌채[파괴]
ecology,생태(계); 생태학 
biodiversity,생물의 다양성
habitat,"서식지, 거주지"
preserve,보호하다; 보존하다
purify,"정화하다, 깨끗이 하다; 정제하다"
eco-friendly,환경친화적인
sustainable,1. (환경 파괴 없이) 지속 가능한 2. 오랫동안 지속[유지]할 수 있는
unit27,
pregnant,"임신한, 임신하고 있는"
adolescent,(사춘기) 청소년의; (사춘기) 청소년
perish,1. (갑자기) 죽다 2. 멸망하다; 사라지다
doom,"불운, 파멸; (불행한) 운명을 맞게 하다"
grave,"무덤; 중대한, 심각한; 엄숙한"
legacy,"유산, 유물, 물려받은 것"
inheritance,1. 유산; 상속 2. 유전
heir,"상속인; 계승자, 후계자"
solidarity,"연대, 결속"
kinship,"1. 친족(임), 친척 관계 2. 연대감"
reciprocity,"상호 의존, 호혜"
parental,"부모의, 어버이로서의"
sibling,형제자매
offspring,"자식, 자손; (동물의) 새끼"
fellow,"동료, 친구; 녀석"
bride,"신부, 새색시"
nurture,"1. (아이를) 기르다, 양육하다 2. 양성[육성]하다"
quarrel,"다투다, 언쟁을 벌이다; 다툼, 언쟁"
alienate,"(사람을) 소원하게 하다, 멀리하다"
divorce,"1. 이혼하다 2. 분리하다, 단절시키다; 1. 이혼 2. 분리, 단절"
farewell,"작별 (인사); 작별의, 고별의"
reconcile,"1. 화해시키다 2. 일치시키다, 조화시키다"
discipline,"1. 훈련, 단련; 규율, 훈육 2. 자제(심), 절제력 3. 학과, 학문 분야; 훈련하다, 단련하다"
instruct,"1. 가르치다, 교육하다 2. 지시하다, 명령하다"
aptitude,"소질, 적성"
expertise,전문 지식[기술]
scholar,1. 학자 2. 장학생
guideline,"가이드라인, 지침, 지표"
encyclopedia,백과사전
secondary,"1. 중등교육[학교]의 2. 이차적인, 부수적인"
faculty,"1. (대학의) 학부 2. 교수진 3. (타고난) 능력, 재능"
dormitory,기숙사
tuition,"수업료, 등록금"
sophomore,"(4년제 대학, 고교의) 2학년생"
undergraduate,"대학생, 학부생"
diploma,"졸업장, 수료증; 학위 (증서)"
bachelor,1. 학사 2. 미혼[독신] 남자
issue,"1. 쟁점, 문제, 사안 2. 발표하다, 공표하다; 발표, 공표 3. (잡지, 면허증 등을) 발행하다, 발급하다; 발행, 발급 4. 발행물, (정기 간행물의) 호"
deliver,"1. 배달하다, 전하다 2. (연설, 강연 등을) 하다 3. (아기를) 분만하다, 출산하다 4. (약속을) 지키다"
cast,"1. 던지다 2. (시선, 미소 등을) 향하다, 보내다 3. 배역을 맡기다; 배역, 출연자들 4. (빛, 그림자 등을) 드리우다 5. 주조하다; 주형, 거푸집 6. 깁스 (붕대)"
unit28,
linguistic,"언어의, 언어학의"
bilingual,2개 국어를 할 줄 아는; 이중 언어 사용자
usage,"1. (단어의) 용법, 어법 2. 사용(량)"
verbal,"언어의; (글이 아닌) 구두의, 말로 된"
vowel,모음 (글자)
intonation,"억양, 어조"
pronounce,1. 발음하다 2. (공개적으로) 선언하다
utter,"말을 하다; 소리를 내다; 완전한, 순전한"
recite,"(시 등을) 암송하다, 낭독하다"
fluent,(특히 외국어가) 유창한
dialect,"방언, 사투리"
analogy,비유; 유사점
metaphor,"은유, 비유"
exaggerate,과장하다
paradox,역설; 역설적인 사람[일]
irony,"모순, 아이러니(한 상황); 반어(법)"
sarcastic,풍자적인; 비꼬는
discourse,"(특정 주제에 대한) 담화, 담론; 이야기하다"
profess,"1. (감정, 믿음 등을) 공언하다; 고백하다 2. (사실이 아닌 것을) 주장하다"
murmur,"속삭이다, 중얼거리다; 속삭임"
exclaim,"소리치다, 외치다"
vow,"맹세하다, 서약하다; 맹세, 서약"
pledge,"(굳게) 약속하다, 맹세하다; 약속, 맹세"
urge,강력히 권고하다; (강한) 욕구[충동]
dispute,"1. 논쟁하다 2. 반박하다, 이의를 제기하다; 분쟁, 논쟁"
justify,정당화하다; 옳음을 증명하다
advocate,지지[옹호]하다; 1. 지지[옹호]자 2. 변호사
draft,1. 초안 2. 징병; 1. 초안을 작성하다 2. 선발하다; 징병하다
plot,"1. (책, 영화 등의) 줄거리 2. 음모; 1. 줄거리를 짜다 2. 음모를 꾸미다"
punctuate,"1. (마침표, 쉼표 등의) 구두점을 찍다 2. 간간이 끼어들다, 중단시키다"
genre,"(예술 작품의) 장르, 유형"
narrative,"서술, 이야기; 이야기의"
lyric,서정시의; 1. 서정시 2. 노래 가사
myth,1. 신화 2. 근거 없는 믿음
humorous,"재미있는, 유머러스한"
monotonous,"단조로운, 지루한"
gloomy,"우울한, 침울한; 어둑어둑한"
solemn,"엄숙한, 근엄한"
account,"1. 계좌 2. (인터넷 등의) 계정 3. 장부; 외상 (거래) 4. 설명하다; 설명 5. 이유, 근거"
note,"1. 메모, 쪽지 2. 필기, 노트 3. 지폐 4. 주목하다, 주의하다 5. 언급하다, 말하다 6. 음; 음표 7. (특정한) 어조; 기색, 분위기"
unit29,
rational,"이성적인, 합리적인"
logic,논리(학); 타당성
coherent,"(생각, 주장 등이) 일관성[통일성] 있는; 논리 정연한"
factual,"사실의, 사실에 입각한"
empirical,"경험[실험]에 의거한, 실증적인"
contemplate,1. 고려하다; 심사숙고하다 2. 응시하다
ponder,"숙고하다, 곰곰이 생각하다"
meditate,1. 숙고하다 2. 명상하다
presume,"(사실로) 추정하다, 여기다"
quest,"탐구, 탐색, 추구"
embody,"(사상, 감정 등을) 구현하다, 구체적으로 표현하다"
mindset,사고방식
cognitive,"인지의, 인식의"
insight,"통찰력; 이해, 간파"
intuition,직관(력); 직감
viewpoint,"견해, 관점"
perspective,"1. 관점, 시각 2. 전망, 경치 3. 원근법; 원근감"
outlook,"1. 관점, 견해 2. (앞으로의) 전망, 예측 3. 전망, 경치"
preoccupy,"생각을 사로잡다, 마음을 빼앗다"
internalize,"(사상, 태도 등을) 내면화하다, 받아들이다"
notion,"관념, 개념, 생각"
criteria,"기준, 표준"
bias,"편견, 선입견; 편견[선입견]을 갖게 하다"
prejudice,"편견, 선입견; 편견[선입견]을 갖게 하다"
fallacy,(많은 사람이 믿는) 그릇된 생각; 오류
misconception,"(옳지 않은 정보에 근거한) 오해, 잘못된 생각"
obsess,"(생각 등이 마음을) 사로잡다, 집착하게 하다"
ego,"자아; 자부심, 자존심"
ideology,"이념, 이데올로기"
mainstream,"(사상 등의) 주류, 대세; (강의) 주류; 주류의; 주류에 편입시키다"
assimilation,"(지식, 사상 등을 제 것으로) 흡수; 동화"
pessimism,"비관주의, 비관론"
realism,"현실주의, 현실성; 사실주의"
humanitarian,인도주의적인; 인도주의자
altruism,"이타주의, 이타심"
idealism,이상주의
patriotism,애국심
reason,"1. 이유, 원인; 근거 2. 이성(적 판단), 사리분별 3. (이성적으로) 판단하다; 추리[추론]하다"
reflect,"1. 반사하다 2. (거울 등에) 비치다 3. 반영하다, 나타내다 4. 숙고하다, 깊이 생각하다"
stand,"1. 서다, 서 있다; ~에 있다, 위치하다 2. 입장, 태도; (특정) 입장에 있다 3. 참다, 견디다; 저항 4. 판매대; 매점 5. (가구 등의) -대, 스탠드"
unit30,
origin,"1. 기원, 유래 2. 출신"
prehistoric,선사 시대의; 역사 기록 이전의
heritage,"(국가, 사회의) 유산, 전통"
monument,"기념물[관]; 유물, 유적"
archive,1. 기록 보관소 2. 오래된 기록; (기록 보관소 등에) 보관하다
milestone,획기적인[중요한] 사건
antique,"(귀중한) 골동품; 골동품인; 고대의, 옛날의"
excavate,발굴하다; (구멍 등을) 파다
archaeology,고고학
era,"시대, 시기"
ancient,"고대의, 옛날의; 아주 오래된"
primitive,"원시(사회)의, 초기의; 원시적인"
tribe,"부족, 종족"
ancestor,"선조, 조상"
civilize / civilise,"문명화하다, 개화하다"
temporal,"1. 시간의 2. 속세의, 현세의 3. 순간[일시]적인, 한때의"
momentary,"순간적인, 찰나의"
eternal,"영원한, 영구한; 변함없는"
everlasting,"영원한, 변치 않는; 끊임없는"
immortal,"불멸의, 죽지 않는"
holy,"1. 신성한, 성스러운 2. 독실한, 경건한"
sacred,"신성한, 성스러운; 종교적인"
divine,"신성한, 성스러운; 신의"
glory,"1. (신에 대한) 찬양 2. 영광, 영예"
sin,"(종교, 도덕상의) 죄, 죄악"
devil,"악마, 사탄; 마귀"
theology,신학
prophecy,(특히 종교적인) 예언(력)
superstition,미신
worship,"예배, 숭배; 예배하다, 숭배하다"
ritual,"1. (종교상의) 의식, 의례 2. (항상 하는) 의례적인 일; 1. 의식의 2. 의례적인"
creed,"1. (종교적) 교리 2. 신념, 원칙"
sermon,설교; 훈계
preach,설교하다; 전도하다
saint,"성인, 성자; 성인과 같은 사람"
priest,"사제, 신부; 성직자"
monk,"수도자, 수도승"
appreciate,"1. (제대로) 인식하다, 깨닫다 2. 감상하다, 진가를 알아보다 3. 고마워하다"
charge,"1. 책임을 맡기다; (사람, 일에 대한) 책임, 담당 2. 기소, 고소; 기소하다, 고소하다 3. 공격, 돌격; 공격하다, 돌격하다 4. (요금, 값을) 청구하다; (상품, 서비스에 대한) 요금 5. 신용카드로 사다; (외상으로) 달아놓다 6. (전기를) 충전하다"
discharge,"1. (기체, 액체, 에너지 등을) 흘리다, 방출하다 2. 방전하다 3. 석방하다; 퇴원시키다; 제대시키다; 해고하다"